CC Number,Credit Limit,Credit Used
4829010000000000,5000,0.057345979
4050490000000000,10000,0.695784368
4340520000000000,10000,0.451981387
4589620000000000,5000,0.054614062
4185340000000000,1000,0.425051424
4392040000000000,15000,0.027323968
4946090000000000,5000,0.272490867
4604240000000000,20000,0.285077999
4748740000000000,40000,0.187387188
4163230000000000,5000,0.178967392
4139860000000000,40000,0.100004022
4961900000000000,40000,0.327184219
4768640000000000,10000,0.54752508
4998930000000000,5000,0.088676119
4195410000000000,10000,0.108692782
4345240000000000,40000,0.853273022
4040730000000000,20000,0.484344212
4028800000000000,20000,0.010211479
4780150000000000,20000,0.544068866
4066940000000000,40000,0.817937366
4122770000000000,1000,0.591551967
4899980000000000,40000,0.784189481
4030070000000000,15000,0.847717876
4613950000000000,40000,0.461545208
4905440000000000,5000,0.933427051
4263380000000000,5000,0.000673354
4530680000000000,1000,0.990756206
4004700000000000,1000,0.961200548
4603050000000000,5000,0.493918835
4323470000000000,20000,0.638564624
4265100000000000,5000,0.814026921
4415720000000000,20000,0.096865723
4028090000000000,1000,0.46201948
4004890000000000,40000,0.283094012
4380470000000000,10000,0.753545577
4358370000000000,5000,0.730636267
5304328221590160,5000,0.744542232
4227840000000000,40000,0.886097625
4471540000000000,10000,0.472165702
4354690000000000,20000,0.832427464
4001120000000000,1000,0.62297478
4082980000000000,1000,0.520836074
4953170000000000,5000,0.455796711
4853760000000000,15000,0.204152141
4102710000000000,5000,0.983935129
4696170000000000,5000,0.799522514
4328960000000000,10000,0.513219433
4601370000000000,15000,0.807780413
4985140000000000,1000,0.295478858
4017220000000000,1000,0.436393705
4199330000000000,20000,0.560754605
2346759365646140,5000,0.655061903
1065248511830930,5000,0.322415475
3456620743490100,5000,0.404024585
4308280000000000,40000,0.008875841
4203560000000000,10000,0.445088951
4519370000000000,20000,0.668558315
4511870000000000,1000,0.127708928
4338120000000000,15000,0.077892434
4047920000000000,1000,0.158813538
4962430000000000,15000,0.514565523
4945250000000000,5000,0.317595942
4636510000000000,1000,0.746708179
4314740000000000,1000,0.101282995
4571830000000000,15000,0.575960438
4992090000000000,20000,0.91891993
4403440000000000,20000,0.657961266
4276430000000000,15000,0.966852982
4280230000000000,40000,0.061771824
4568510000000000,1000,0.166509545
4180300000000000,1000,0.675604086
4047200000000000,10000,0.139718754
4555060000000000,20000,0.371049909
4262490000000000,20000,0.834139009
4315820000000000,20000,0.351597597
4244410000000000,5000,0.571968687
4524710000000000,20000,0.491723054
4523580000000000,10000,0.773513288
4660490000000000,40000,0.296595392
4549610000000000,40000,0.84590294
4565060000000000,40000,0.92160122
4536400000000000,15000,0.596976198
4249690000000000,1000,0.582971622
4739220000000000,40000,0.657305552
4712580000000000,15000,0.889868921
4118560000000000,40000,0.552576888
4689500000000000,15000,0.793771191
4047000000000000,20000,0.051597751
4140530000000000,10000,0.465105891
4680120000000000,15000,0.631404225
4367960000000000,10000,0.902791502
4052640000000000,20000,0.534479811
4081950000000000,15000,0.241421814
4367360000000000,5000,0.197366468
4958930000000000,5000,0.011799773
4967570000000000,5000,0.343273852
4441160000000000,5000,0.159722166
4194450000000000,5000,0.804157613
5896060859368360,5000,0.763815222
4475010000000000,1000,0.754572667
4256670000000000,20000,0.078317256
4903000000000000,20000,0.4119086
4672080000000000,20000,0.988109268
4616780000000000,15000,0.745970344
4375420000000000,15000,0.919949394
4284430000000000,1000,0.701320246
4543630000000000,15000,0.242883458
4360380000000000,5000,0.055385833
4496180000000000,1000,0.19469253
4689190000000000,15000,0.210277637
4475560000000000,15000,0.144102666
4021580000000000,5000,0.843740932
4465032505845190,5000,0.732543489
4151660000000000,15000,0.837372817
4871430000000000,5000,0.834735963
4764550000000000,20000,0.105570837
4309060000000000,5000,0.872101159
4052250000000000,1000,0.203627157
4610110000000000,1000,0.530246839
4812450000000000,15000,0.647908328
4675710000000000,1000,0.669849273
4737980000000000,20000,0.750955409
2777990833717320,5000,0.996129171
8297642704834260,5000,0.142431458
4411420000000000,40000,0.949029866
4066720000000000,10000,0.313296395
4385670000000000,40000,0.268235805
4528780000000000,15000,0.6465886
4843270000000000,40000,0.277974262
4022460000000000,20000,0.778783751
4463780000000000,40000,0.287615045
4645220000000000,10000,0.544604066
4370630000000000,20000,0.100430578
4168710000000000,20000,0.10779007
4844090000000000,1000,0.916513745
4881640000000000,40000,0.779649775
4237610000000000,40000,0.272311199
4378230000000000,20000,0.094044526
4402740000000000,1000,0.348067889
4727590000000000,5000,0.565258883
4297870000000000,5000,0.537453513
4147070000000000,40000,0.598156759
4590110000000000,15000,0.065906634
4048300000000000,5000,0.667317312
4558970000000000,5000,0.965383153
4578540000000000,5000,0.285519412
4738190000000000,5000,0.805335397
4608880000000000,5000,0.478895014
4837240000000000,20000,0.638473173
4344180000000000,5000,0.509295718
4910500000000000,1000,0.748550413
4473870000000000,10000,0.978203207
4517860000000000,10000,0.324323651
4214270000000000,5000,0.321190572
4194250000000000,20000,0.498586815
4132740000000000,20000,0.120287466
4032690000000000,10000,0.912431068
4014340000000000,40000,0.699527303
4206230000000000,15000,0.454946806
4682000000000000,1000,0.328395426
4615550000000000,1000,0.096227592
8058973453802390,5000,0.015753596
4950980000000000,40000,0.403646796
4984910000000000,1000,0.885542178
4701700000000000,15000,0.648366504
4412090000000000,5000,0.621676386
4134270000000000,5000,0.040232152
4423700000000000,15000,0.509891297
4497150000000000,20000,0.807379091
4952150000000000,40000,0.479485942
4352260000000000,15000,0.106637382
4116060000000000,15000,0.086417845
4769620000000000,15000,0.462127654
4142850000000000,40000,0.867368687
4948020000000000,20000,0.483352517
4370210000000000,1000,0.313604796
4413050000000000,10000,0.877650941
4786700000000000,40000,0.505883836
4387870000000000,10000,0.583368305
4833400000000000,1000,0.724377729
4942000000000000,1000,0.95914264
4709630000000000,20000,0.017246597
4385800000000000,15000,0.059256158
4832590000000000,5000,0.264367114
4032140000000000,20000,0.859205034
4127500000000000,40000,0.817674039
4149530000000000,5000,0.228075764
4565690000000000,20000,0.555580291
4737210000000000,1000,0.210554576
4634160000000000,20000,0.064186636
4173080000000000,40000,0.098478688
4764600000000000,40000,0.018646094
4542540000000000,20000,0.679946751
4046590000000000,10000,0.332081576
4362550000000000,5000,0.417520052
4185630000000000,20000,0.943098928
4521150000000000,5000,0.331337474
4256120000000000,20000,0.05536771
4829630000000000,20000,0.227701295
4541700000000000,1000,0.195438827
4762190000000000,20000,0.714046035
4328620000000000,20000,0.72589775
4812400000000000,20000,0.659232126
4043070000000000,20000,0.000529464
4262060000000000,5000,0.975648511
4973830000000000,10000,0.77082399
4953420000000000,20000,0.939029616
4104820000000000,20000,0.75376667
4353470000000000,20000,0.370631427
4850780000000000,15000,0.669666071
4264990000000000,15000,0.117724986
4629880000000000,5000,0.666443943
4387070000000000,10000,0.765697456
4994030000000000,40000,0.098102149
4490490000000000,10000,0.587427866
4062560000000000,15000,0.455417986
4020590000000000,1000,0.437278882
4072280000000000,20000,0.194501988
4843160000000000,10000,0.744743107
4307210000000000,20000,0.567145823
4449100000000000,1000,0.284760773
4381520000000000,1000,0.564521141
4544110000000000,40000,0.596514269
4516420000000000,1000,0.813989893
8004653279001040,5000,0.86761856
4792532977180050,5000,0.975271525
4846430000000000,1000,0.971334682
4346670000000000,20000,0.85719597
4766200000000000,10000,0.934850197
4176510000000000,10000,0.253884215
4366790000000000,20000,0.295740724
4365500000000000,5000,0.033708278
4028490000000000,15000,0.651608845
4453270000000000,10000,0.940080243
4694890000000000,10000,0.239908526
4285610000000000,5000,0.625012968
4667690000000000,20000,0.774262821
4423010000000000,1000,0.666433968
4809590000000000,20000,0.594854455
4567480000000000,1000,0.132365647
4260320000000000,20000,0.00569257
4053430000000000,1000,0.305263842
4700110000000000,40000,0.273006849
4659460000000000,1000,0.997969829
4041420000000000,1000,0.134030202
4133480000000000,10000,0.005371601
4033990000000000,10000,0.661883734
1824583634060200,5000,0.284625368
2187501320161920,5000,0.942520883
3767398092704430,5000,0.904235422
4726540000000000,5000,0.696565629
4363710000000000,10000,0.702963361
4066680000000000,1000,0.039128955
4018090000000000,15000,0.527260228
4374890000000000,15000,0.610651143
4342460000000000,40000,0.538059476
4248770000000000,15000,0.064175693
4818730000000000,20000,0.957927155
4155200000000000,20000,0.931500856
4453760000000000,15000,0.881115365
4310850000000000,40000,0.058056677
4725750000000000,10000,0.131590867
4634820000000000,20000,0.438413763
4302210000000000,1000,0.191090195
4014590000000000,5000,0.32597998
4083643240510140,5000,0.957048237
1865468904525340,5000,0.01129534
1123996128539250,5000,0.581370334
1075088462257710,5000,0.154136002
3938144676803900,5000,0.862074378
4720370117371250,5000,0.528280691
4042160000000000,15000,0.702906384
4945000000000000,15000,0.482149054
4894150000000000,20000,0.717216636
4803120000000000,5000,0.911723687
4259200000000000,5000,0.545967653
4418750000000000,40000,0.783890305
4868610000000000,15000,0.779835305
4124350000000000,20000,0.383173938
4502340000000000,5000,0.93656687
4883580000000000,10000,0.512979122
4978550000000000,15000,0.851302782
4203020000000000,20000,0.432332962
4277390000000000,5000,0.825074989
4288180000000000,20000,0.382479897
4121180000000000,1000,0.748351193
4931400000000000,1000,0.070137024
4407310000000000,10000,0.992944603
4281440000000000,1000,0.33628464
4689500000000000,10000,0.893396797
4267180000000000,10000,0.306352417
4488480000000000,20000,0.753709402
4058960000000000,10000,0.97197652
4785240000000000,40000,0.24437902
4976780000000000,1000,0.898604772
4105830000000000,40000,0.849680657
4102970000000000,40000,0.547184318
4748220000000000,40000,0.862189098
4298790000000000,15000,0.701880287
4829670000000000,10000,0.135445849
4915040000000000,20000,0.591684372
4588510000000000,10000,0.106776812
4777070000000000,15000,0.650782783
4261750000000000,10000,0.836891276
4503580000000000,5000,0.519441966
4692130000000000,1000,0.936398213
4531710000000000,10000,0.98213605
4799020000000000,20000,0.44054233
4548020000000000,1000,0.47551015
4910880000000000,15000,0.221993739
4648810000000000,5000,0.225177899
4633850000000000,40000,0.249081945
4868280000000000,5000,0.86955177
4520740000000000,20000,0.196297343
4139810000000000,20000,0.540087152
4234710000000000,15000,0.070540899
4676890000000000,15000,0.362994204
4988650000000000,10000,0.864850902
4542260000000000,1000,0.177402796
4641320000000000,10000,0.830077666
4335590000000000,5000,0.117081023
4952820000000000,10000,0.694047937
4671790000000000,20000,0.484540196
4160530000000000,5000,0.563734827
4323660000000000,5000,0.749949812
4116570000000000,1000,0.666702132
4756520000000000,20000,0.682410748
4082160000000000,20000,0.457129811
4613810000000000,40000,0.318088086
4998100000000000,5000,0.816672165
4137680000000000,5000,0.642651509
4122880000000000,15000,0.927036659
4641810000000000,20000,0.830920643
4234660000000000,40000,0.321594981
4709750000000000,20000,0.890371189
4199070000000000,40000,0.550622566
4110520000000000,15000,0.385379436
4930730000000000,40000,0.559809882
4309660000000000,1000,0.04892159
4861820000000000,10000,0.94650388
4385980000000000,1000,0.842380851
4677300000000000,1000,0.610818457
4778620000000000,10000,0.762066405
4061710000000000,15000,0.177194236
4988090000000000,1000,0.909340912
4513840000000000,20000,0.674004012
4347510000000000,15000,0.302079398
4921530000000000,5000,0.237951209
4611820000000000,5000,0.125990498
4217210000000000,20000,0.392691351
4504140000000000,40000,0.730906674
4942200000000000,20000,0.205065609
4443670000000000,5000,0.696301945
4973840000000000,1000,0.912766293
4811710000000000,15000,0.264461067
4256720000000000,5000,0.958096027
4231990000000000,5000,0.537516121
4564450000000000,40000,0.237525727
4752120000000000,40000,0.57992155
4603490000000000,10000,0.476356059
4576680000000000,1000,0.676631891
4993970000000000,1000,0.618777566
4657580000000000,5000,0.42618816
4978790000000000,1000,0.527667996
4413550000000000,1000,0.075422254
4607760000000000,20000,0.118159177
4717010000000000,20000,0.469830334
4910710000000000,15000,0.892484704
4852090000000000,40000,0.944244031
4691030000000000,10000,0.352097845
9899249285274810,5000,0.771662461
4610130000000000,5000,0.232363377
4034600000000000,5000,0.780051674
4908010000000000,5000,0.36331954
4888160000000000,15000,0.208538472
4218420000000000,10000,0.334379534
4117010000000000,1000,0.113197674
4874490000000000,40000,0.169374398
4199710000000000,15000,0.891066695
4976880000000000,20000,0.698370786
4904870000000000,1000,0.097148574
4744590000000000,5000,0.975727869
6061774269340880,5000,0.729869625
1905496774285620,5000,0.574258548
4036820000000000,1000,0.702394223
4038350000000000,5000,0.362862355
4988570000000000,1000,0.080607993
4421640000000000,40000,0.428307126
4743940000000000,10000,0.650954633
4129760000000000,10000,0.503027598
4119720000000000,5000,0.692745819
4263340000000000,5000,0.689357949
4254840000000000,10000,0.945360052
4937210000000000,1000,0.176969591
4457630000000000,20000,0.71624963
4134630000000000,20000,0.23512438
4815360000000000,1000,0.864300753
4154460000000000,10000,0.763484408
4780810000000000,20000,0.064349995
8607909338005290,5000,0.69915582
4699624727254900,5000,0.145384902
4903810000000000,5000,0.31619637
4363630000000000,10000,0.602444185
4455410000000000,10000,0.117934582
4531550000000000,5000,0.97850581
4821340000000000,5000,0.346038834
4286570000000000,15000,0.849727291
4326170000000000,1000,0.254626328
4142870000000000,1000,0.843178098
4219510000000000,10000,0.755655526
4473260000000000,15000,0.887305489
4769620000000000,20000,0.487164409
4722850000000000,5000,0.427383323
4157100000000000,20000,0.794824499
4835260000000000,10000,0.018356029
4772940000000000,1000,0.05811385
4275470000000000,20000,0.880517249
4773250000000000,1000,0.293463618
4594830000000000,20000,0.029208592
4521590000000000,15000,0.143521534
4868150000000000,40000,0.89573041
4038760000000000,20000,0.057527028
4718940000000000,10000,0.706600428
4781580000000000,40000,0.524557614
4075620000000000,20000,0.980276298
4582210000000000,15000,0.733878024
4956700000000000,10000,0.120087741
4071100000000000,5000,0.593633498
4427970000000000,20000,0.66585014
4978470000000000,1000,0.24899519
4103520000000000,15000,0.741102889
4126280000000000,5000,0.588778161
4014430000000000,15000,0.956045817
4545480000000000,1000,0.796613146
4864750000000000,5000,0.450947977
4486620000000000,15000,0.87964708
4027440000000000,5000,0.306621606
4083170000000000,1000,0.381966789
4684400000000000,40000,0.357033126
4677970000000000,15000,0.376163748
4533640000000000,10000,0.201026665
4057770000000000,10000,0.739516012
4206490000000000,20000,0.570977609
4187960000000000,40000,0.947349068
4103820000000000,10000,0.231932914
4320700000000000,10000,0.593664348
4744710000000000,15000,0.549093328
4551490000000000,20000,0.820667472
4371910000000000,1000,0.482326122
4296390000000000,1000,0.943850302
4629410000000000,5000,0.366593104
4291730000000000,40000,0.813414964
4741950000000000,20000,0.247520952
4186830000000000,40000,0.844559871
4553030000000000,20000,0.960931765
4903000000000000,40000,0.930560097
4421269669087110,5000,0.306668257
4396160000000000,15000,0.698750752
4087740000000000,10000,0.777639896
4345580000000000,40000,0.218559514
4834480000000000,1000,0.130658102
4522820000000000,20000,0.256833148
4725760000000000,40000,0.842369709
4322220000000000,10000,0.666727761
4526070000000000,20000,0.819898168
4831720000000000,5000,0.55897046
4503290000000000,20000,0.98893204
4114250000000000,1000,0.976135952
4702710000000000,10000,0.766903602
4554280000000000,40000,0.892591901
4489350000000000,40000,0.721203657
4182580000000000,10000,0.587070767
4368160000000000,40000,0.877773325
4668310000000000,20000,0.602064007
4451590000000000,1000,0.051926914
4412630000000000,10000,0.811535746
4887760000000000,1000,0.852976548
4552510000000000,1000,0.233305558
4960040000000000,5000,0.34612782
4341560000000000,40000,0.0118801
4754010000000000,1000,0.737730972
4476200000000000,15000,0.047522833
4470650000000000,15000,0.611522948
4121380000000000,20000,0.832771277
4868520000000000,1000,0.919971307
4246710000000000,40000,0.736226458
4171240000000000,1000,0.724387463
4506100000000000,20000,0.891380778
4888520000000000,1000,0.109979651
4986870000000000,20000,0.004646408
4335780000000000,10000,0.253717002
4674460000000000,15000,0.097951305
4086530000000000,20000,0.413678957
4475770000000000,5000,0.238113618
4782650000000000,40000,0.76427344
4767180000000000,1000,0.065777438
4296270000000000,5000,0.135267744
4129180000000000,5000,0.916143358
4054530000000000,10000,0.393263986
4126560000000000,1000,0.290640658
4177200000000000,1000,0.148827665
4949170000000000,40000,0.760003549
4233580000000000,20000,0.154451042
4162380000000000,10000,0.704060094
4260360000000000,40000,0.313964434
4799130000000000,40000,0.939878655
4605920000000000,10000,0.350889542
4533210000000000,40000,0.212475354
4693730000000000,20000,0.436213454
4915210000000000,10000,0.053649518
4452550000000000,40000,0.977321354
4085640000000000,5000,0.300407381
4151140000000000,40000,0.066768087
4002690000000000,15000,0.069860876
4398630000000000,40000,0.281272656
4392330000000000,20000,0.061408484
4938660000000000,1000,0.618312801
4302970000000000,1000,0.036527977
4147910000000000,1000,0.636206492
4382640000000000,40000,0.518913902
4739960000000000,10000,0.820125168
4491330000000000,1000,0.63561725
4282830000000000,1000,0.005105675
4207410000000000,20000,0.62602225
4254920000000000,15000,0.027249961
4189060000000000,1000,0.978566685
4723010000000000,1000,0.087910982
4288180000000000,1000,0.610086183
4232220000000000,1000,0.205941728
4948730000000000,15000,0.390216724
4190220000000000,1000,0.084851193
4465520000000000,5000,0.736045547
4786880000000000,20000,0.695199909
4651930000000000,40000,0.513788482
4893790000000000,40000,0.801763802
4467590000000000,20000,0.272890744
4588090000000000,10000,0.651082279
4498360000000000,5000,0.049278208
4454610000000000,10000,0.212373073
4235250000000000,40000,0.911831985
4180610000000000,40000,0.207284873
4789660000000000,40000,0.314748815
4252420000000000,10000,0.729452255
4365630000000000,15000,0.655501891
4687220000000000,10000,0.826021286
4916230000000000,1000,0.96525139
4530350000000000,10000,0.637702104
4124830000000000,40000,0.836973374
4308380000000000,40000,0.168171853
4198450000000000,15000,0.108577478
4671020000000000,20000,0.272708826
4921680000000000,20000,0.369438318
4537450000000000,20000,0.558526304
4450390000000000,20000,0.824542326
4096390000000000,10000,0.484050133
4352890000000000,10000,0.927803786
4694830000000000,5000,0.762889141
4792980000000000,10000,0.791927022
4991850000000000,15000,0.174392063
4665490000000000,40000,0.351838369
4595380000000000,1000,0.393881451
4151010000000000,1000,0.315693418
4663940000000000,20000,0.293589898
4820110000000000,40000,0.452333806
4826120000000000,5000,0.241271126
4119850000000000,1000,0.488586437
4118230000000000,5000,0.212371258
4804750000000000,40000,0.096563485
4739980000000000,15000,0.736910733
4839740000000000,20000,0.758325745
4239350000000000,40000,0.653238799
4979250000000000,10000,0.390640714
4059400000000000,40000,0.810735557
4600990000000000,20000,0.469937582
4989710000000000,20000,0.894976192
4067150000000000,15000,0.577822303
4904510000000000,20000,0.306566364
4373430000000000,40000,0.207758884
4156720000000000,15000,0.188032287
4768800000000000,15000,0.21889744
4105880000000000,40000,0.955127908
4667090000000000,1000,0.540837782
4269340000000000,5000,0.771637762
4270180000000000,1000,0.955322422
4921790000000000,40000,0.189325233
4632870000000000,15000,0.045001162
4077440000000000,15000,0.480963993
4073420000000000,15000,0.801030534
7115049984054710,5000,0.978627367
2303568008721010,1000,0.307272542
4919670000000000,40000,0.444634417
4091140000000000,15000,0.076474416
4703850000000000,20000,0.413226043
4589340000000000,5000,0.929916064
4925800000000000,5000,0.095444364
4271990000000000,1000,0.425524313
4237480000000000,40000,0.738147909
8554970014513660,1000,0.140992116
3246864931813820,5000,0.834774627
4115870000000000,40000,0.541428894
4915860000000000,10000,0.945191114
4066870000000000,10000,0.940963112
4972910000000000,10000,0.117551383
4065860000000000,15000,0.473361246
4076580000000000,20000,0.938810059
4344370000000000,10000,0.260120706
4592660000000000,40000,0.760898672
4799490000000000,20000,0.94183517
4586680000000000,20000,0.002525936
4243090000000000,15000,0.790914729
4125330000000000,10000,0.882353544
4905990000000000,5000,0.93293736
4078870000000000,15000,0.217505611
4544590000000000,20000,0.366451804
4241380000000000,20000,0.754964224
4752530000000000,20000,0.61463907
4746980000000000,1000,0.060962225
4892090000000000,20000,0.391964258
4580690000000000,15000,0.172755552
4627170000000000,20000,0.10129118
4640150000000000,15000,0.183181879
4110500000000000,15000,0.411850987
4056690000000000,10000,0.33254217
4330800000000000,10000,0.661412598
4249920000000000,10000,0.43845612
4880270000000000,5000,0.852248427
4081320000000000,40000,0.794990443
4586350000000000,20000,0.181226746
4836720000000000,20000,0.534514131
6568399315190660,1000,0.282863459
2905851392930260,40000,0.846201992
4376650000000000,5000,0.626982598
4865370000000000,10000,0.265622071
4861490000000000,20000,0.777802461
4865550000000000,20000,0.793500976
4470900000000000,20000,0.959082014
4372650000000000,5000,0.500992607
4759670000000000,15000,0.337730462
4630630000000000,40000,0.922368552
4236960000000000,20000,0.40778706
4794470000000000,40000,0.93508148
4625110000000000,5000,0.483919886
4775020000000000,20000,0.629933338
4102520000000000,1000,0.781738389
4321520000000000,10000,0.550871254
4445590000000000,20000,0.838656015
4864710000000000,15000,0.633798547
4660730000000000,15000,0.636002939
4586840000000000,10000,0.6116639
4034540000000000,20000,0.226530996
4447810000000000,1000,0.05185954
4848530000000000,40000,0.941059444
4852540000000000,40000,0.881930864
4740460000000000,15000,0.316168051
4918580000000000,5000,0.251426923
4614760000000000,5000,0.572087225
4872730000000000,10000,0.501052569
4545680000000000,10000,0.8641464
4172160000000000,15000,0.430574362
4647580000000000,10000,0.704038007
4707620000000000,15000,0.861141013
4289620000000000,20000,0.190841521
4536480000000000,10000,0.715679463
4071160000000000,1000,0.137957864
4434260000000000,5000,0.410337307
4498320000000000,40000,0.063853314
4198740000000000,15000,0.773971613
4035600000000000,5000,0.056158914
4481400000000000,40000,0.945059106
4816440000000000,1000,0.676207363
4985410000000000,15000,0.398192163
4390650000000000,1000,0.234096558
4387730000000000,10000,0.944634317
4300510000000000,5000,0.045072445
4753850000000000,20000,0.106239316
4731660000000000,1000,0.264572214
4851440000000000,10000,0.351243724
4839100000000000,5000,0.222780198
4336110000000000,40000,0.333697346
4170120000000000,1000,0.121389608
4452040000000000,15000,0.935156885
4708570000000000,1000,0.070541564
4751490000000000,5000,0.231174418
4213800000000000,10000,0.62723663
4157730000000000,5000,0.231973734
4399100000000000,15000,0.8926835
4121970000000000,1000,0.176412723
4461240000000000,10000,0.49504739
4969060000000000,5000,0.28645356
4986070000000000,5000,0.039647534
3148076015251580,10000,0.134689454
3559206118915870,1000,0.802059586
2433025659393520,1000,0.967638923
9523652937945380,1000,0.174775512
5296880553210040,20000,0.265985247
8309520177215040,40000,0.310626226
6397519858206790,10000,0.990409086
5436358634203340,20000,0.755438742
9346612021051470,15000,0.846728049
6816773098197550,10000,0.109427258
4674250000000000,20000,0.579553344
4217950000000000,10000,0.141208295
4788190000000000,10000,0.154180421
4288320000000000,20000,0.566951693
4823840000000000,20000,0.143379931
4056990000000000,15000,0.271039254
4587910000000000,20000,0.235861271
4194780000000000,10000,0.409176408
4670670000000000,10000,0.667217361
4937250000000000,40000,0.604354904
4964440000000000,40000,0.704800787
4338720000000000,1000,0.754022531
4259230000000000,5000,0.635222126
4869260000000000,40000,0.148036184
4786700000000000,20000,0.966695173
4565740000000000,15000,0.42361351
4240040000000000,20000,0.811769014
4745540000000000,20000,0.034960674
4139880000000000,10000,0.883459745
4223240000000000,15000,0.850026232
4034600000000000,20000,0.067517901
4450670000000000,40000,0.928712925
4001600000000000,40000,0.546260892
4408150000000000,5000,0.909490603
4916570000000000,10000,0.446167287
4101920000000000,40000,0.884897032
4601780000000000,40000,0.405323196
4647870000000000,10000,0.430992073
4045800000000000,20000,0.182922422
4240050000000000,5000,0.86227832
4287110000000000,1000,0.945311153
4723730000000000,5000,0.061887239
4962500000000000,1000,0.199358696
4291600000000000,15000,0.314948348
4363060000000000,5000,0.748652751
4667420000000000,20000,0.899911975
4477890000000000,5000,0.863975662
4166410000000000,20000,0.334125005
4535000000000000,40000,0.888853603
4242400000000000,20000,0.029098555
4405520000000000,1000,0.315360448
4485140000000000,40000,0.912460657
4476670000000000,15000,0.428794431
4651470000000000,10000,0.737972724
4439080000000000,15000,0.917467531
4232650000000000,40000,0.751885284
4180460000000000,20000,0.268406916
4705850000000000,20000,0.09315645
4137060000000000,10000,0.824250045
4242430000000000,40000,0.763265924
4835610000000000,10000,0.776951551
4098200000000000,15000,0.843213707
4420260000000000,20000,0.954683366
4762340000000000,1000,0.730815829
4833120000000000,5000,0.747730367
4938800000000000,40000,0.853616078
4720600000000000,1000,0.340668304
4536020000000000,10000,0.934371351
4930190000000000,1000,0.322854366
4629440000000000,15000,0.736303493
4430360000000000,40000,0.47726518
4375530000000000,1000,0.333698497
4931300000000000,15000,0.692572361
4505670000000000,15000,0.796986945
4812440000000000,40000,0.835743659
4025310000000000,5000,0.943452867
4961740000000000,20000,0.900216932
4266610000000000,15000,0.264703887
4063680000000000,10000,0.958024068
4171120000000000,20000,0.747285163
4995710000000000,10000,0.338153352
4187080000000000,1000,0.60835321
4498880000000000,20000,0.430005005
4018870000000000,10000,0.544063966
4877260000000000,40000,0.071277022
4843760000000000,10000,0.71587648
4345340000000000,40000,0.318825353
4707420000000000,10000,0.952798482
4712680000000000,5000,0.216131219
4169210000000000,1000,0.462580029
4772160000000000,15000,0.994004486
4304190000000000,15000,0.411977452
4913690000000000,20000,0.454960573
4089150000000000,20000,0.446894179
4638000000000000,1000,0.44160498
4940780000000000,20000,0.903676412
4010860000000000,20000,0.453578628
4270870000000000,15000,0.253532066
4135130000000000,15000,0.063590704
4882710000000000,20000,0.994237629
4864350000000000,15000,0.704180122
4666130000000000,20000,0.796695309
4422060000000000,20000,0.69331728
4109140000000000,10000,0.117325247
4781230000000000,40000,0.645338696
4426010000000000,1000,0.617488682
4440200000000000,1000,0.167327375
4418460000000000,1000,0.4518063
4804240000000000,5000,0.553060751
4616310000000000,1000,0.022521278
4859400000000000,40000,0.943492567
4183790000000000,40000,0.084486825
4632420000000000,15000,0.444770446
4085110000000000,20000,0.467799107
4060560000000000,5000,0.915350707
4312290000000000,1000,0.790638395
4980640000000000,15000,0.441165712
4217940000000000,10000,0.106686118
4666010000000000,15000,0.118651246
4738620000000000,20000,0.789030788
4228730000000000,15000,0.37995842
4447910000000000,1000,0.577046394
4990520000000000,1000,0.919935425
4982430000000000,5000,0.000392723
4483330000000000,1000,0.378667976
4638480000000000,15000,0.328222715
4871660000000000,5000,0.804664527
4671160000000000,40000,0.394031303
4977200000000000,5000,0.055559131
4955100000000000,40000,0.723087329
4160350000000000,40000,0.496886122
4269680000000000,5000,0.649792937
4824880000000000,10000,0.059229898
4146720000000000,20000,0.418191303
4363820000000000,40000,0.791456772
4776680000000000,10000,0.85009941
4574870000000000,15000,0.108650599
4240650000000000,20000,0.435418803
4246210000000000,10000,0.242497556
4448280000000000,20000,0.47522067
4993910000000000,15000,0.279917553
4810310000000000,20000,0.768865624
4817430000000000,40000,0.046803128
4635790000000000,20000,0.386446918
4002720000000000,20000,0.922260063
4428410000000000,20000,0.906891543
4457190000000000,1000,0.058265423
4024290000000000,5000,0.316161226
4935050000000000,1000,0.166493936
4515190000000000,5000,0.097688648
4368270000000000,5000,0.717919438
4020090000000000,40000,0.866065913
4651800000000000,20000,0.740248675
4847360000000000,15000,0.679032229
4332440000000000,1000,0.341506097
4715030000000000,10000,0.740940097
4964120000000000,5000,0.501632867
4301750000000000,40000,0.531886354
4860680000000000,20000,0.613751327
4326380000000000,10000,0.929714467
4290990000000000,40000,0.819837658
4632580000000000,15000,0.184320434
4071420000000000,5000,0.847886055
4845620000000000,40000,0.522287799
4671690000000000,20000,0.044497109
4792950000000000,10000,0.544529442
4207180000000000,20000,0.618509374
4188450000000000,20000,0.801656634
4116230000000000,15000,0.500651906
4216960000000000,40000,0.211823635
4556160000000000,15000,0.221152523
4096410000000000,20000,0.37756969
4599720000000000,5000,0.263695345
4162460000000000,10000,0.396794003
4676880000000000,40000,0.862023826
4968420000000000,5000,0.457777579
4309790000000000,1000,0.723009155
4591260000000000,1000,0.042408426
4976730000000000,20000,0.691350587
4295520000000000,5000,0.82721474
4663970000000000,1000,0.336776855
4206790000000000,40000,0.304141197
4424500000000000,5000,0.989535132
4141250000000000,1000,0.896787255
4003530000000000,40000,0.719946992
4196190000000000,20000,0.150323788
4229210000000000,5000,0.248137455
4869740000000000,10000,0.831187105
4408990000000000,1000,0.495447405
4099370000000000,40000,0.278297842
4654470000000000,5000,0.818841165
4680700000000000,1000,0.191896125
4558530000000000,40000,0.102064601
4619720000000000,1000,0.650505198
4321220000000000,40000,0.505344188
4557270000000000,20000,0.422204738
4898660000000000,5000,0.046226473
4171570000000000,20000,0.409662185
4422280000000000,1000,0.266706622
4815170000000000,15000,0.92858529
4736690000000000,1000,0.623861458
4132610000000000,1000,0.336971956
4460210000000000,10000,0.141694591
4139120000000000,40000,0.752333716
4037720000000000,40000,0.507924321
4628930000000000,40000,0.086449748
4882600000000000,40000,0.721541474
4917430000000000,10000,0.062207842
4101200000000000,1000,0.697844574
4105210000000000,1000,0.093278112
4991780000000000,40000,0.632831751
4433150000000000,10000,0.414120594
4090970000000000,15000,0.839506536
4983970000000000,1000,0.919857849
4338800000000000,40000,0.984614263
4341600000000000,40000,0.808160092
4494250000000000,10000,0.629104729
4381060000000000,10000,0.91751401
4626640000000000,5000,0.132421131
4439000000000000,15000,0.015872934
4266666613264540,20000,0.084001694
4018640000000000,15000,0.231227096
4895720000000000,5000,0.422984484
4961810000000000,40000,0.599662017
4183750000000000,20000,0.978136383
4449500000000000,5000,0.224164985
4451900000000000,10000,0.946466331
4847200000000000,10000,0.760234352
4317830000000000,10000,0.170824191
4578480000000000,40000,0.822231403
4966150000000000,10000,0.370305051
4768590000000000,20000,0.786028966
4799210000000000,20000,0.240546278
4126670000000000,1000,0.138327267
4758490000000000,5000,0.625387541
4514650000000000,10000,0.738250497
4975000000000000,40000,0.200795345
4481890000000000,10000,0.238747087
4662270000000000,15000,0.569110334
4495660000000000,15000,0.975974849
4652240000000000,20000,0.722186127
4289720000000000,40000,0.647959151
4276800000000000,5000,0.272307032
4225110000000000,5000,0.615691675
4067380000000000,20000,0.08167795
4435030000000000,5000,0.920277163
4863190000000000,5000,0.907024056
4491910000000000,1000,0.859415786
4842180000000000,1000,0.397746227
4318180000000000,10000,0.864646998
4749580000000000,15000,0.720570338
4503270000000000,5000,0.037163251
4713410000000000,20000,0.751916611
4388270000000000,10000,0.359940666
4273310000000000,20000,0.096464863
3910045845506040,1000,0.869417357
8321691178398960,20000,0.136265924
4781239570646980,15000,0.777543235
2334941235851140,5000,0.910359019
9262644553364390,10000,0.224756284
6384607615321050,1000,0.540448676
4103187166834920,1000,0.316111318
4241022032649590,40000,0.388821884
1751275969097130,10000,0.791459576
6509428062118370,15000,0.084478554
4724480000000000,20000,0.565432699
4349440000000000,5000,0.489117064
4632260000000000,20000,0.135407146
4321470000000000,5000,0.790182
4970790000000000,10000,0.552523453
4162030000000000,20000,0.803093702
4102490000000000,10000,0.437300334
4825910000000000,5000,0.024042709
4640790000000000,15000,0.375444705
4591090000000000,10000,0.712647273
4388550000000000,1000,0.000436037
4985300000000000,10000,0.381848898
4438390000000000,10000,0.522375242
4905220000000000,10000,0.642876374
4403200000000000,20000,0.264073868
4083790000000000,10000,0.844101166
4438140000000000,5000,0.093570502
4655060000000000,40000,0.404018136
4435540000000000,10000,0.455412572
4044940000000000,40000,0.159350929
4690080000000000,10000,0.702937891
4938090000000000,10000,0.541104796
4252530000000000,5000,0.439506788
4833310000000000,40000,0.747637306
4235990000000000,10000,0.269785839
4846740000000000,1000,0.167966421
4881980000000000,40000,0.471413251
4146770000000000,1000,0.821021245
4487560000000000,10000,0.98388862
4707980000000000,10000,0.984879204
4231310000000000,5000,0.656886674
4610750000000000,1000,0.818401957
4582470000000000,10000,0.656295726
4477420000000000,5000,0.508940562
4579940000000000,1000,0.817933707
4040490000000000,1000,0.320507024
4736420000000000,1000,0.672369456
4996520000000000,15000,0.772813749
4303280000000000,40000,0.338430647
4349410000000000,40000,0.094303313
4547610000000000,40000,0.933337396
4490920000000000,5000,0.842333072
4236980000000000,1000,0.621001714
4966100000000000,1000,0.729020097
4028600000000000,20000,0.700043895
4515510000000000,5000,0.190462769
4100850000000000,10000,0.176252037
4249610000000000,10000,0.106051072
4584180000000000,20000,0.205854065
4886980000000000,20000,0.600675707
4534600000000000,20000,0.11006887
4309190000000000,20000,0.231479517
4077010000000000,5000,0.033332119
4893660000000000,5000,0.558148076
4064390000000000,40000,0.299572789
4606090000000000,20000,0.500381396
4535350000000000,40000,0.653205926
1689866215713940,5000,0.629954408
1226942444671420,20000,0.38248686
4280733725716780,1000,0.19464443
3299725506167710,20000,0.548076021
8748991411864620,40000,0.892267912
1843212733883350,15000,0.928693892
4793860000000000,20000,0.21143714
4750420000000000,1000,0.949743253
4291840000000000,40000,0.820128952
4532350000000000,15000,0.258927086
4854900000000000,15000,0.762870691
4837740000000000,1000,0.298464002
4719330000000000,10000,0.029241506
4746120000000000,10000,0.377335297
4241650000000000,40000,0.020770784
4536290000000000,10000,0.604101615
4875020000000000,5000,0.428944572
4535540000000000,1000,0.570970351
4775220000000000,10000,0.553154466
4036420000000000,5000,0.948078166
4968820000000000,15000,0.090297465
4220940000000000,20000,0.8378792
4758100000000000,1000,0.11717225
4597460000000000,20000,0.228226104
4150290000000000,40000,0.624471731
4859760000000000,15000,0.668412452
4301410000000000,20000,0.362612023
4102270000000000,10000,0.493360109
4100010000000000,10000,0.342627036
4888580000000000,15000,0.357207139
4852410000000000,20000,0.24908458
4306270000000000,40000,0.181722742
4974980000000000,1000,0.679244427
4820540000000000,15000,0.585250084
4364520000000000,40000,0.636844349
4582590000000000,5000,0.22512375
4856580000000000,1000,0.176262824
4577710000000000,1000,0.480811841
4485700000000000,40000,0.014698501
4198220000000000,10000,0.111604321
4167230000000000,5000,0.086595091
4399400000000000,15000,0.467405464
4232610000000000,10000,0.752460388
4509350000000000,15000,0.802786196
4153010000000000,40000,0.884968122
4172370000000000,40000,0.81918086
4250140000000000,1000,0.711418122
4205360000000000,15000,0.464703046
4601140000000000,15000,0.677179022
4018270000000000,5000,0.777482743
4711260000000000,40000,0.389759375
4200020000000000,20000,0.16917711
4322930000000000,15000,0.70523776
4312710000000000,5000,0.357998477
4726100000000000,5000,0.405389203
4535650000000000,1000,0.239755524
4354520000000000,1000,0.766002938
4646840000000000,10000,0.929719777
4594520000000000,1000,0.395378989
4995720000000000,40000,0.061902874
4659730000000000,5000,0.437026581
4151420000000000,5000,0.277896817
4561760000000000,5000,0.544943279
4103160000000000,5000,0.614600019
4448930000000000,40000,0.006739407
4148340000000000,10000,0.975577473
4010200000000000,15000,0.526029494
4568210000000000,1000,0.249156409
4681400000000000,15000,0.248141997
4669150000000000,20000,0.441442232
4846960000000000,1000,0.904435189
4309060000000000,5000,0.812023519
4328890000000000,10000,0.084147825
4987400000000000,15000,0.940818373
4195300000000000,15000,0.668351313
4290850000000000,20000,0.900481649
4821670000000000,1000,0.957372088
4789360000000000,15000,0.570567506
4958550000000000,15000,0.683819319
4010650000000000,15000,0.934009535
4824310000000000,40000,0.289802023
4297000000000000,5000,0.389504627
4147100000000000,1000,0.212152172
4500530000000000,1000,0.161259447
4319450000000000,40000,0.030485993
4806230000000000,5000,0.714774718
4471690000000000,10000,0.704282667
4899860000000000,20000,0.236772033
4739330000000000,10000,0.683005976
4113370000000000,15000,0.761753704
4429440000000000,1000,0.54662606
4984600000000000,5000,0.971374524
4535310000000000,40000,0.188804548
4928380000000000,5000,0.644619457
4334580000000000,40000,0.335587711
4187650000000000,1000,0.775717408
4141490000000000,10000,0.5770961
4257810000000000,20000,0.565232773
4185170000000000,20000,0.239694298
4867810000000000,10000,0.224516364
4037660000000000,20000,0.755586526
4955610000000000,15000,0.642681396
4353800000000000,40000,0.858405928
4438520000000000,15000,0.125813104
4130930000000000,10000,0.81094617
4359540000000000,5000,0.531668154
4095290000000000,20000,0.694850325
4499300000000000,40000,0.112045011
4492210000000000,10000,0.245179331
4844550000000000,10000,0.392670329
4016020000000000,20000,0.538981558
4958030000000000,15000,0.055997579
4056360000000000,15000,0.53379141
4437250000000000,10000,0.145852717
4625750000000000,1000,0.489856082
4355470000000000,20000,0.383417509
4175680000000000,5000,0.867050231
4951370000000000,1000,0.227503618
4787370000000000,20000,0.974067127
4185540000000000,40000,0.328714836
5940885419104680,15000,0.699391387
4035820000000000,10000,0.341129307
4385080000000000,20000,0.400641054
4256330000000000,5000,0.786910943
4984330000000000,15000,0.966275206
4082490000000000,40000,0.705298354
4533660000000000,10000,0.375531769
4016310000000000,10000,0.588961609
4060920000000000,10000,0.303333673
4434610000000000,10000,0.557061007
4134460000000000,40000,0.87920564
4030980000000000,15000,0.916474851
4190070000000000,20000,0.87992258
4604930000000000,10000,0.330278253
4704650000000000,10000,0.115533008
4864690000000000,40000,0.979951447
4549280000000000,40000,0.123961893
4236800000000000,15000,0.784294559
4287840000000000,20000,0.274357638
4749790000000000,20000,0.867141316
4024900000000000,5000,0.093637774
4232180000000000,1000,0.364676887
4692760000000000,10000,0.01072185
4859340000000000,15000,0.681485547
4062260000000000,1000,0.928566261
4533280000000000,40000,0.897293129
4961220000000000,10000,0.278296858
4049140000000000,1000,0.328394844
4152390000000000,15000,0.467660833
4058600000000000,15000,0.34575375
4078320000000000,20000,0.751338599
4558390000000000,10000,0.117013411
4578220000000000,10000,0.323505916
4758100000000000,1000,0.361527332
4205030000000000,40000,0.408174175
4098780000000000,5000,0.754855487
4555270000000000,10000,0.072609305
4106920000000000,40000,0.011642097
4192950000000000,40000,0.679671639
4095320000000000,1000,0.462636964
4291610000000000,40000,0.403289486
4247300000000000,1000,0.562429423
4180600000000000,20000,0.622935903
4612440000000000,40000,0.185316134
4204950000000000,10000,0.004120424
4609660000000000,10000,0.814935129
4284450000000000,15000,0.313273476
4168340000000000,5000,0.663428311
4019820000000000,15000,0.607071702
4714830000000000,20000,0.241314685
4733530000000000,40000,0.350266114
4221530000000000,5000,0.57633142
4864430000000000,1000,0.552408419
4830220000000000,1000,0.00337515
4904870000000000,15000,0.556754582
4791880000000000,15000,0.982638869
4331950000000000,5000,0.905403664
4884600000000000,5000,0.421064234
4841120000000000,10000,0.109303775
4082790000000000,15000,0.075920283
4371400000000000,15000,0.537078468
4275690000000000,40000,0.73644262
4379470000000000,20000,0.066509301
4881610000000000,1000,0.508696368
4828810000000000,10000,0.889097401
4746970000000000,20000,0.442261549
4792520000000000,5000,0.676509395
4191440000000000,20000,0.850365349
4741080000000000,5000,0.236624131
4845950000000000,40000,0.156047918
4548070000000000,10000,0.573514433
4670920000000000,1000,0.426380994
4255750000000000,1000,0.117785152
4253010000000000,10000,0.224710859
4987840000000000,5000,0.632011928
4850580000000000,15000,0.633463983
4084840000000000,10000,0.488860537
4928050000000000,10000,0.976265218
4669770000000000,15000,0.332837468
4542720000000000,20000,0.740469324
4548540000000000,20000,0.631877301
4988970000000000,1000,0.202474133
4589220000000000,1000,0.833545468
4327840000000000,10000,0.025958024
4499100000000000,5000,0.002712575
4310880000000000,1000,0.523483384
4994680000000000,5000,0.152497123
4849200000000000,10000,0.166813864
4618790000000000,5000,0.848585897
4001270000000000,10000,0.729507491
4370450000000000,1000,0.35263886
4824700000000000,10000,0.103816956
4463940000000000,10000,0.413454679
4511150000000000,5000,0.310663547
4658560000000000,1000,0.212730027
4456440000000000,10000,0.38382025
4997360000000000,1000,0.608455722
4811830000000000,15000,0.453851146
4972540000000000,15000,0.516075808
4607570000000000,5000,0.881512819
4824310000000000,1000,0.372442843
4245460000000000,15000,0.591929862
4113470000000000,40000,0.306688491
4034610000000000,20000,0.149437054
4874930000000000,10000,0.119549364
4389840000000000,5000,0.011449043
4055300000000000,10000,0.456452758
4799370000000000,15000,0.917259894
4898630000000000,15000,0.39961363
4531500000000000,1000,0.246146688
4832920000000000,15000,0.18511174
4951430000000000,20000,0.888717696
4484470000000000,5000,0.951694116
4706180000000000,10000,0.685635547
4762790000000000,10000,0.233410129
4873190000000000,10000,0.977536902
4002600000000000,1000,0.951518645
4678500000000000,15000,0.756299093
4083450000000000,15000,0.799085754
4625530000000000,10000,0.891972319
4111050000000000,5000,0.342938564
4601070000000000,1000,0.880606368
4686880000000000,10000,0.220951025
4266990000000000,10000,0.979461689
4027840000000000,1000,0.156297272
4731460000000000,40000,0.145482243
4654850000000000,1000,0.425991363
4759500000000000,15000,0.001726043
4147050000000000,5000,0.171560196
4884230000000000,5000,0.184147324
4604210000000000,10000,0.60520807
4217010000000000,5000,0.337964575
4233560000000000,5000,0.809848519
4399900000000000,40000,0.40957381
4793500000000000,10000,0.250824721
4999750000000000,15000,0.675292665
4827870000000000,5000,0.379717377
4440820000000000,15000,0.773216171
4914880000000000,10000,0.099523707
2326986769992740,40000,0.735858935
4104390000000000,20000,0.327903355
4041390000000000,15000,0.585543199
4936000000000000,10000,0.262857697
4896850000000000,15000,0.275676038
4893270000000000,1000,0.468495945
4909780000000000,1000,0.745584151
4798480000000000,20000,0.508307154
4264980000000000,10000,0.080795239
4793840000000000,15000,0.239290733
4231320000000000,20000,0.026832844
4776910000000000,1000,0.91218761
4864210000000000,15000,0.507245464
4421380000000000,10000,0.71731967
4096750000000000,20000,0.75531964
4522480000000000,40000,0.570168043
4096130000000000,15000,0.552653508
4953560000000000,1000,0.581470233
4764140000000000,1000,0.840027793
4110050000000000,20000,0.112565157
4464250000000000,1000,0.638979946
4046660000000000,40000,0.355528579
4505270000000000,5000,0.639277186
4641120000000000,40000,0.075828501
4077130000000000,20000,0.665436538
4599690000000000,10000,0.107080865
4780890000000000,20000,0.490664728
4401970000000000,40000,0.664794546
4547150000000000,10000,0.325893221
4615400000000000,5000,0.81080979
4012850000000000,10000,0.647106726
4941480000000000,40000,0.542663821
4114160000000000,20000,0.293884832
4690790000000000,10000,0.206727261
4313030000000000,10000,0.959102195
4495140000000000,5000,0.913356029
4453720000000000,20000,0.422752053
4952090000000000,20000,0.539224488
6587484355577300,20000,0.422008213
4260090000000000,40000,0.13465079
4880470000000000,5000,0.803064
4961340000000000,20000,0.874081161
4341760000000000,5000,0.302646634
4417390000000000,5000,0.593392171
4269340000000000,10000,0.360074462
4964510000000000,10000,0.987251569
4454860000000000,5000,0.287908558
4490750000000000,1000,0.706209988
4901910000000000,10000,0.142141138
4122000000000000,10000,0.350226013
4918680000000000,20000,0.859590118
4558440000000000,10000,0.428581687
4975070000000000,10000,0.559052865
4509970000000000,20000,0.025644701
4966440000000000,10000,0.945668071
4542990000000000,40000,0.258497178
4434000000000000,10000,0.855117857
4000780000000000,10000,0.450761225
4021180000000000,10000,0.799341756
4148190000000000,1000,0.109230447
4909920000000000,15000,0.183603804
3762351867839760,15000,0.801467435
9378978783829640,20000,0.589209993
9228882902722630,5000,0.189192104
4391300000000000,15000,0.841333873
4377160000000000,5000,0.352219961
4478470000000000,15000,0.064998807
4649710000000000,1000,0.388580495
4255590000000000,15000,0.167191994
4702260000000000,5000,0.945224039
4308880000000000,10000,0.040859062
4686890000000000,1000,0.827230319
4511900000000000,5000,0.773673252
4514690000000000,1000,0.817003526
4726110000000000,10000,0.979565707
4820050000000000,5000,0.208162666
4048060000000000,20000,0.614285832
4365780000000000,10000,0.777681994
4069470000000000,5000,0.330182317
4103480000000000,1000,0.31647248
4652120000000000,40000,0.339334643
4786680000000000,20000,0.274610195
4745940000000000,20000,0.170815729
4339490000000000,1000,0.61325206
4734450000000000,10000,0.620182591
4995050000000000,5000,0.988201573
4607450000000000,20000,0.038581254
4463940000000000,1000,0.104427322
4145080000000000,40000,0.525111311
4037720000000000,10000,0.74846227
4427590000000000,5000,0.66364333
4856650000000000,20000,0.577370611
4861460000000000,20000,0.359170749
4696030000000000,15000,0.817851903
4480980000000000,5000,0.997334408
4441390000000000,5000,0.251538225
4764940000000000,40000,0.957174622
4680180000000000,10000,0.106420595
4392050000000000,20000,0.446448282
4567530000000000,40000,0.111555441
6659971035131970,1000,0.99723955
2714467854872220,40000,0.102178084
4750390000000000,1000,0.57584161
4774360000000000,10000,0.151209924
4062050000000000,10000,0.792222322
4873840000000000,10000,0.444900998
4714770000000000,20000,0.947126598
4723180000000000,15000,0.993071031
4382540000000000,10000,0.103637662
4948660000000000,1000,0.359110398
4723420000000000,20000,0.166785138
4028300000000000,5000,0.638573289
4560370000000000,20000,0.249308566
4608510000000000,5000,0.723539657
4322890000000000,5000,0.158063493
4049500000000000,10000,0.687526349
4239030000000000,15000,0.657553341
4153460000000000,40000,0.142694702
4032440000000000,10000,0.295418388
9307848631060570,5000,0.063211989
8076272023139110,20000,0.785278042
1539459439903740,20000,0.050658866
6801569891254180,10000,0.282040013
8328806897117380,15000,0.392288389
2499647584145670,10000,0.728939226
3673572634813950,1000,0.48622776
6188983555626420,1000,0.229383065
9663378784101520,40000,0.393976625
4854820000000000,15000,0.136286355
4248180000000000,5000,0.772959865
4040330000000000,20000,0.726481693
4392400000000000,15000,0.982704996
4487640000000000,15000,0.246365877
4155320000000000,15000,0.418805931
4143540000000000,1000,0.240227652
4057530000000000,5000,0.344725389
4384530000000000,20000,0.0782474
4194980000000000,10000,0.644812984
4299260000000000,5000,0.631489306
4219440000000000,40000,0.381841336
4618040000000000,20000,0.501939897
4932180000000000,15000,0.380837642
4061050000000000,20000,0.912151753
4417960000000000,10000,0.011944234
4302700000000000,10000,0.388465995
4366890000000000,40000,0.806788025
4034400000000000,40000,0.397558061
4418490000000000,15000,0.735093614
4695660000000000,40000,0.674883321
4317390000000000,1000,0.349901906
4195730000000000,10000,0.333236092
4615620000000000,40000,0.131042096
4028100000000000,40000,0.388452296
4136720000000000,40000,0.310941235
4822550000000000,15000,0.794164669
4548150000000000,15000,0.377710904
4839790000000000,1000,0.452310823
4985020000000000,20000,0.77532164
4218170000000000,1000,0.940623264
4523390000000000,1000,0.718961018
4455610000000000,1000,0.485541339
4735030000000000,20000,0.564289296
4667870000000000,20000,0.268482291
4351110000000000,40000,0.18725097
4233950000000000,15000,0.621617412
4504030000000000,20000,0.769361827
4527180000000000,15000,0.534244706
4631442902570560,40000,0.034258609
3577149224560310,40000,0.719937118
3508390529135770,10000,0.718743817
7441569201429400,20000,0.477881214
5161917738661670,15000,0.790576031
8380080477567790,10000,0.800974307
6736817670313890,20000,0.966954691
6907169768855070,20000,0.220432778
7771528138035520,5000,0.316812892
5455252069479350,20000,0.194270194
1727929374275230,20000,0.273513994
4275111652019450,5000,0.777843409
9112901841991230,20000,0.156549576
3701223542780890,40000,0.006617868
6904999018765460,1000,0.136032037
6628803477953730,5000,0.730618996
1661539484455560,40000,0.232437863
6130862419343670,20000,0.125161312
9873077710023480,20000,0.685912009
8376158020915400,15000,0.892895587
5679105989012590,15000,0.146878823
2938587419171450,20000,0.970559311
2943854780979750,20000,0.390887217
4211429185402150,15000,0.602828273
6688792526745350,10000,0.300136793
7149256511378400,20000,0.446723395
2498873414518240,5000,0.663697827
3421057228824570,5000,0.838032329
1336392489206110,20000,0.474467509
1015961355905730,10000,0.766931123
3829290176202140,1000,0.586546767
6676095397180600,1000,0.459235416
4446950000000000,10000,0.227058678
4797740000000000,20000,0.340602901
4264210000000000,5000,0.192997217
4413180000000000,40000,0.792982593
4941270000000000,1000,0.815016971
4628970000000000,15000,0.399890217
4313680000000000,10000,0.409043207
4030160000000000,40000,0.714196242
4436110000000000,1000,0.111210141
4372420000000000,15000,0.717256357
4116030000000000,5000,0.906721046
4046530000000000,10000,0.269854673
4714030000000000,5000,0.531019498
4843410000000000,5000,0.694693319
4220920000000000,15000,0.871374664
4072350000000000,15000,0.094259907
4424750000000000,10000,0.116476461
4078180000000000,1000,0.591250724
4981590000000000,10000,0.836543259
4572090000000000,1000,0.808021181
4205870000000000,40000,0.090584797
4840240000000000,15000,0.854566315
4469940000000000,40000,0.498205688
4467060000000000,15000,0.297004219
4655970000000000,40000,0.751350714
4147260000000000,10000,0.28806108
4501160000000000,1000,0.521119155
4922420000000000,15000,0.071492478
4438450000000000,5000,0.97667977
4841520000000000,10000,0.185791877
4786070000000000,15000,0.108793052
4395460000000000,20000,0.518522459
4730530000000000,10000,0.87207407
4464460000000000,20000,0.049015745
4817330000000000,5000,0.361017057
4118560000000000,5000,0.784800926
4179680000000000,10000,0.372177209
4683070000000000,15000,0.720865018
4169000000000000,1000,0.419709335
4085640000000000,40000,0.130955768
4957550000000000,5000,0.634056197
4724210000000000,40000,0.008251009
4902500000000000,40000,0.33049754
4579300000000000,40000,0.568676401
4329920000000000,5000,0.216348551
4956250000000000,15000,0.997364052
4721920000000000,1000,0.41455331
4552350000000000,40000,0.625935724
4484590000000000,40000,0.47803492
4831310000000000,1000,0.509543343
4789850000000000,1000,0.695598051
4278110000000000,5000,0.889591373
6990563669978040,1000,0.43603949
3130653700233090,1000,0.71342915
4118960000000000,20000,0.792146525
4240560000000000,5000,0.798350787
4649900000000000,5000,0.198888163
4456830000000000,20000,0.34983886
4781280000000000,1000,0.997962202
4031690000000000,10000,0.944396729
4729730000000000,1000,0.460315816
4912010000000000,5000,0.446499157
4304580000000000,5000,0.437699837
4668550000000000,15000,0.979321681
4650670000000000,1000,0.358490281
4183030000000000,15000,0.579790289
4842690000000000,15000,0.490050402
4524100000000000,20000,0.501702084
4218930000000000,1000,0.419770737
4171290000000000,10000,0.991496898
4310030000000000,1000,0.600630706
4343070000000000,20000,0.94836962
4885860000000000,1000,0.023153668
4540280000000000,20000,0.69894957
4254040000000000,15000,0.396604355
4941070000000000,15000,0.262447564
4889750000000000,1000,0.435129646
4339640000000000,5000,0.706778101
4415720000000000,20000,0.0068026
4097990000000000,40000,0.091599298
4900810000000000,15000,0.950260829
4543660000000000,1000,0.114068469
4516720000000000,15000,0.319385145
4965280000000000,20000,0.346501995
4206210000000000,1000,0.21663239
4729630000000000,40000,0.732997786
4389010000000000,15000,0.523615997
4344390000000000,40000,0.398288783
4294530000000000,10000,0.67547307
4641870000000000,5000,0.038982731
8977381988304550,20000,0.723297397
1254632134749800,15000,0.155205688
5091727155696400,10000,0.788991746
7812847399670870,10000,0.541266737
8458891261575520,20000,0.092112747
2078334902691350,15000,0.28472096
7494900728116660,1000,0.120398726
7057776270928520,40000,0.43956978
9724331489080390,20000,0.378216924
3188529321505920,40000,0.477668456
7072898807159240,15000,0.514572889
6039166745502050,40000,0.720242054
6426030467734080,20000,0.922835511
4477365635246600,10000,0.753532623
4710269049859610,10000,0.885824581
3235623222786350,15000,0.512479555
5620802332770060,5000,0.088543476
2029114104772880,15000,0.662791115
1170017114785980,10000,0.595564166
4493815132257700,20000,0.14617541
9444713047982920,10000,0.710862837
2408510697034060,1000,0.2278545
8432643073944200,10000,0.119454889
4111871730349610,20000,0.265135751
4269732442529400,5000,0.211221221
9344185949447380,20000,0.7830503
6570864588309270,5000,0.859137804
4214882257247870,20000,0.83859393
4167490161594950,5000,0.571952159
1550965879802100,40000,0.870669444
2095629500512470,20000,0.677862081
3186864286040760,40000,0.689225752
5966914242677090,15000,0.511629295
4626368485117690,40000,0.064925988
3819073076448690,10000,0.662317968
2636136140302230,15000,0.718545153
6276385867444840,5000,0.261286983
6789798825424850,20000,0.740226652
5856466166259230,40000,0.861501482
7809095911208530,20000,0.26440072
4905750000000000,20000,0.359046909
4809740000000000,5000,0.119012982
4257320000000000,5000,0.625648709
4511280000000000,10000,0.355973611
4405020000000000,20000,0.56548962
4541670000000000,40000,0.752647214
4486720000000000,40000,0.632978411
4380640000000000,10000,0.311797925
4045500000000000,5000,0.363550504
4314190000000000,10000,0.702529206
4969590000000000,15000,0.100897385
4536790000000000,15000,0.674030286
4894390000000000,1000,0.176890682
4077830000000000,40000,0.492952287
4108110000000000,10000,0.740308618
4064180000000000,5000,0.498031446
4036810000000000,20000,0.314886838
4221780000000000,40000,0.751644246
4750260000000000,5000,0.145633218
4067050000000000,20000,0.627864806
4109250000000000,1000,0.466325104
4595490000000000,15000,0.416646645
4484330000000000,10000,0.786894027
4280580000000000,1000,0.86622815
4945600000000000,5000,0.299579628
4910820000000000,40000,0.334422586
4564300000000000,15000,0.247622315
4527090000000000,15000,0.120849681
4919840000000000,15000,0.910954427
4607110000000000,10000,0.298114601
4136090000000000,15000,0.465934811
4790820000000000,1000,0.039981061
4134840000000000,15000,0.155475622
4477880000000000,20000,0.230288127
4876250000000000,40000,0.711974103
4556660000000000,20000,0.999102007
4460990000000000,10000,0.340593887
4695730000000000,1000,0.593113779
4229230000000000,1000,0.233809976
4756420000000000,20000,0.217597604
4721640000000000,1000,0.554822494
4960900000000000,20000,0.577813639
4655690000000000,1000,0.588895353
4766380000000000,1000,0.782396447
4869190000000000,1000,0.204440052
4289800000000000,40000,0.058287853
4521280000000000,15000,0.813714587
4209730000000000,1000,0.99113171
4767950000000000,20000,0.034342577
4701350000000000,40000,0.3502986
4929240000000000,40000,0.022751362
4313270000000000,1000,0.629887217
4312820000000000,20000,0.842019086
4581090000000000,15000,0.489219708
4034380000000000,20000,0.864831075
4671370000000000,1000,0.336905494
4582650000000000,40000,0.168341969
4484240000000000,15000,0.886632319
4787300000000000,10000,0.515071579
4719150000000000,15000,0.143745611
4200350000000000,5000,0.726019609
4547900000000000,15000,0.727849648
4922960000000000,10000,0.242360135
4876320000000000,5000,0.928039666
4287860000000000,1000,0.323813572
4398560000000000,10000,0.687499665
4867900000000000,40000,0.264317622
4432340000000000,1000,0.268463671
4727130000000000,1000,0.663186156
4556500000000000,5000,0.412279153
4014470000000000,15000,0.128117982
4084190000000000,5000,0.922040267
4728220000000000,40000,0.273105096
4438110000000000,5000,0.971693691
4060700000000000,10000,0.234721187
4943320000000000,1000,0.912617507
4749390000000000,20000,0.34149345
4675550000000000,40000,0.457901224
4130600000000000,20000,0.838852648
4322270000000000,10000,0.197330469
4315230000000000,40000,0.441878222
4883330000000000,15000,0.918285499
4489360000000000,15000,0.952606865
4189810000000000,5000,0.358052163
4020470000000000,40000,0.315826288
4951960000000000,1000,0.584246642
4349840000000000,10000,0.766059241
4563000000000000,15000,0.304133493
4281570000000000,20000,0.829899251
4015240000000000,1000,0.486688761
4984480000000000,5000,0.378144472
4566000000000000,40000,0.046900422
4523270000000000,10000,0.305196097
4105260000000000,20000,0.891426483
4173820000000000,40000,0.351907533
4558420000000000,20000,0.983129245
4561120000000000,1000,0.123855858
4530270000000000,40000,0.323308412
4664790000000000,15000,0.678417244
4998980000000000,15000,0.850107077
4596190000000000,20000,0.434538311
4365340000000000,1000,0.781375711
4173010000000000,5000,0.751738263
4322520000000000,1000,0.236642048
4965820000000000,1000,0.876845161
4600360000000000,1000,0.918983823
4827070000000000,20000,0.842005668
4256130000000000,15000,0.360701379
4278430000000000,40000,0.530452126
4479030000000000,10000,0.491504601
4921390000000000,40000,0.706583929
4232760000000000,20000,0.150416464
4945100000000000,40000,0.503990784
4218370000000000,40000,0.518976531
4884220000000000,5000,0.902260781
4056660000000000,15000,0.911948758
4713540000000000,10000,0.919282944
4895550000000000,10000,0.464084287
4685260000000000,20000,0.04019792
4044590000000000,40000,0.687759756
4155420000000000,20000,0.989644023
4294550000000000,5000,0.987854394
4452310000000000,20000,0.104844435
9668370464380890,20000,0.422446061
4935740000000000,40000,0.822768757
4811760000000000,10000,0.224553408
4742980000000000,40000,0.28550453
4736250000000000,20000,0.45384499
4115270000000000,15000,0.803302126
4372390000000000,1000,0.221884284
4954970000000000,40000,0.60991329
4470680000000000,15000,0.128158056
4283040000000000,1000,0.101307284
4427130000000000,5000,0.413189801
4888800000000000,15000,0.734085551
4553000000000000,10000,0.165124423
4825150000000000,15000,0.955605377
4558320000000000,15000,0.939226232
4680770000000000,5000,0.178728659
4008330000000000,10000,0.905194548
4469700000000000,5000,0.665969886
4692710000000000,10000,0.006471102
4638680000000000,20000,0.874243092
4338230000000000,5000,0.890447255
4150220000000000,10000,0.663004488
4943510000000000,15000,0.392674937
4720070000000000,20000,0.358125131
4077440000000000,1000,0.30224264
4751850000000000,1000,0.167285136
4250310000000000,15000,0.32385412
4493550000000000,20000,0.63681787
4037710000000000,1000,0.000725399
4237040000000000,20000,0.418813589
4794220000000000,10000,0.827943256
4898860000000000,10000,0.451337341
4275550000000000,15000,0.874340591
4004590000000000,10000,0.270059943
4398410000000000,15000,0.917895843
4695390000000000,15000,0.239321127
4698980000000000,15000,0.1661978
4535070000000000,40000,0.498166543
4438120000000000,10000,0.325323043
4237500000000000,15000,0.034236501
4049630000000000,20000,0.284828105
4509050000000000,5000,0.571717774
4639580000000000,15000,0.409679779
4150430000000000,20000,0.045258622
4448510000000000,20000,0.029217079
4998080000000000,15000,0.102313127
4380320000000000,10000,0.35007456
4414590000000000,15000,0.093066647
4319030000000000,10000,0.007886153
4082190000000000,1000,0.492027301
4179510000000000,20000,0.925266429
4706850000000000,15000,0.714102039
4364040000000000,1000,0.446805434
4561810000000000,15000,0.719077368
4688490000000000,5000,0.988964201
4232120000000000,20000,0.29839911
4191250000000000,15000,0.558074084
4306170000000000,5000,0.217982112
4660600000000000,15000,0.915776934
4632060000000000,15000,0.206868114
4051330000000000,20000,0.503659755
4118260000000000,40000,0.750175962
4682860000000000,10000,0.567470161
4428960000000000,40000,0.585027199
4280030000000000,5000,0.41062334
4720620000000000,1000,0.527589326
4415580000000000,1000,0.932642504
4142080000000000,40000,0.275140121
4632530000000000,10000,0.591327389
4016380000000000,15000,0.656756829
4709680000000000,10000,0.23537665
4641080000000000,10000,0.327743206
4954230000000000,5000,0.60776443
4051250000000000,15000,0.784378882
4604700000000000,1000,0.248578765
4715550000000000,1000,0.996340352
4073370000000000,20000,0.093024751
4424490000000000,20000,0.397143399
4582530000000000,40000,0.743754585
4870560000000000,5000,0.764235144
4516080000000000,20000,0.34668902
4487980000000000,15000,0.816185386
4140250000000000,20000,0.134315901
4238010000000000,40000,0.724311513
4966300000000000,10000,0.731814534
4595660000000000,15000,0.344429109
4047140000000000,15000,0.972380924
4496380000000000,20000,0.783950096
4151410000000000,10000,0.897758939
4741940000000000,40000,0.229211421
4746520000000000,40000,0.098921883
4953340000000000,5000,0.033173461
4811590000000000,5000,0.96403655
4809890000000000,15000,0.624963871
4879210000000000,15000,0.164410002
4931030000000000,1000,0.458584111
4279220000000000,1000,0.886493589
4857710000000000,10000,0.092419097
4623660000000000,20000,0.837770192
4775160000000000,20000,0.888747325
4037700000000000,10000,0.128481739
4064010000000000,1000,0.884375438
4604720000000000,15000,0.652806572
4930880000000000,1000,0.343715272
4616900000000000,40000,0.901893402
4539430000000000,20000,0.187741068
4850560000000000,15000,0.286190226
4076300000000000,20000,0.889912458
4434570000000000,15000,0.386867281
4626280000000000,20000,0.433555685
4036220000000000,15000,0.762200715
4294720000000000,10000,0.937447276
4252140000000000,15000,0.295550246
4351000000000000,1000,0.61280936
4442270000000000,10000,0.767917996
4964860000000000,1000,0.5418026
4175390000000000,5000,0.135829014
4302160000000000,20000,0.489101123
4123420000000000,5000,0.788937612
4592250000000000,40000,0.575319916
4097310000000000,1000,0.520016853
4521240000000000,20000,0.285309738
4961430000000000,20000,0.397168359
4885780000000000,1000,0.622507848
4459260000000000,20000,0.855470531
4469060000000000,15000,0.691470234
4872420000000000,20000,0.774796777
4357920000000000,15000,0.214492676
4824530000000000,40000,0.915170251
4658270000000000,10000,0.969984032
4135340000000000,20000,0.3849445
4198050000000000,20000,0.324801143
4552070000000000,20000,0.67019501
4463740000000000,20000,0.29365438
4352320000000000,1000,0.450868462
4289030000000000,1000,0.660940628
4260510000000000,20000,0.786238216
4575720000000000,10000,0.673489872
4536310000000000,1000,0.31583945
4817990000000000,5000,0.239364094
4685960000000000,20000,0.538744948
4522980000000000,5000,0.855820329
4617560000000000,10000,0.109475912
4323750000000000,15000,0.375361785
4856950000000000,40000,0.304848817
4395400000000000,1000,0.074728507
4466720000000000,1000,0.139274758
4038720000000000,5000,0.136963242
4462400000000000,10000,0.183370615
4666160000000000,15000,0.898832723
4970230000000000,10000,0.798449291
4293990000000000,5000,0.895691354
4402120000000000,1000,0.860224114
4883930000000000,40000,0.904758873
4716340000000000,10000,0.899273191
4329000000000000,10000,0.711250677
4105840000000000,20000,0.653289164
4201910000000000,15000,0.034579606
4498510000000000,5000,0.091380384
4366940000000000,15000,0.528233936
4434950000000000,10000,0.405369335
4166080000000000,40000,0.607804105
4105520000000000,10000,0.642552519
4203710000000000,20000,0.379302415
4038780000000000,1000,0.781349841
4154060000000000,10000,0.19287693
4771110000000000,5000,0.713826411
4338800000000000,5000,0.189559289
4350370000000000,20000,0.523114588
4314690000000000,40000,0.991604792
4833270000000000,20000,0.08143453
4336930000000000,20000,0.897581471
4453990000000000,1000,0.763969149
4348800000000000,10000,0.999142448
4640350000000000,40000,0.24107977
4758020000000000,10000,0.90341156
4118630000000000,15000,0.629146056
4413320000000000,15000,0.123618043
4841080000000000,10000,0.685326426
4103040000000000,5000,0.224701865
4205810000000000,20000,0.523279126
4578340000000000,15000,0.975800425
4556770000000000,20000,0.644751992
4891700000000000,40000,0.074522322
4375580000000000,15000,0.989412406
9140367401157990,10000,0.455700652
4166949979417530,20000,0.358848267
9037621288951430,5000,0.879608584
4091060000000000,40000,0.892094502
4973250000000000,10000,0.15903812
4173720000000000,15000,0.294274797
4347330000000000,1000,0.634515831
4844830000000000,10000,0.612848907
4305330000000000,15000,0.857055775
4512110000000000,5000,0.272462031
4221070000000000,15000,0.047327736
4503920000000000,5000,0.590551756
4138530000000000,1000,0.882983002
4282090000000000,5000,0.653806024
4267790000000000,20000,0.66694771
4939770000000000,20000,0.914805504
4925170000000000,10000,0.649931093
4250290000000000,20000,0.667877399
4510800000000000,40000,0.711026534
4956780000000000,15000,0.271838704
4885350000000000,10000,0.048950178
4747210000000000,40000,0.98330107
4250440000000000,40000,0.210362927
4339370000000000,1000,0.030143547
4662990000000000,5000,0.537472658
4121290000000000,5000,0.242158637
4377280000000000,5000,0.879614514
4027860000000000,1000,0.813264648
4982510000000000,15000,0.818924484
4307820000000000,1000,0.698439911
4657710000000000,10000,0.200111178
4554680000000000,1000,0.03528252
4790490000000000,40000,0.682071068
4807640000000000,5000,0.718800026
4908300000000000,15000,0.665759764
4767100000000000,15000,0.7488152
4879550000000000,1000,0.859004146
4584010000000000,20000,0.354525655
4137640000000000,15000,0.218149151
2812185186767610,5000,0.765961609
2735022977509480,40000,0.978740015
4857660000000000,15000,0.403057204
4687520000000000,1000,0.060207512
4276620000000000,20000,0.542889698
4062200000000000,20000,0.834741614
4077670000000000,10000,0.201915546
4371520000000000,40000,0.841427516
4440930000000000,15000,0.780108944
4457180000000000,5000,0.368868068
4020820000000000,5000,0.506121808
4013180000000000,1000,0.225309209
4248300000000000,15000,0.727468199
4198530000000000,1000,0.126772179
4918230000000000,10000,0.971916262
4878340000000000,5000,0.523590958
4975830000000000,40000,0.567166354
4158820000000000,15000,0.250632632
4720590000000000,20000,0.682577254
4728770000000000,20000,0.270809869
4198860000000000,40000,0.091576194
4380550000000000,15000,0.640494942
4609230000000000,10000,0.497616409
4346500000000000,15000,0.824984743
4315080000000000,10000,0.046082826
4991890000000000,20000,0.861465281
4592490000000000,20000,0.280147901
6330625619080340,20000,0.002117491
8908021388568550,40000,0.025429085
7381945794613490,40000,0.605586308
2053125429818320,15000,0.715333187
9520575779729560,5000,0.737194977
9327231035550770,20000,0.766849043
4353687408276750,15000,0.832996546
4919600000000000,40000,0.58513978
4553120000000000,20000,0.503521193
4856410000000000,5000,0.882529801
4212760000000000,10000,0.851201485
4747060000000000,15000,0.12956804
4589930000000000,40000,0.045888057
4145620000000000,40000,0.180849294
4219120000000000,20000,0.565698022
4057540000000000,1000,0.456504536
4197020000000000,15000,0.42461981
4095930000000000,40000,0.92208005
4041090000000000,5000,0.392299009
4684030000000000,5000,0.967279532
4537310000000000,5000,0.603189564
4873670000000000,1000,0.138867291
4676980000000000,40000,0.296947484
4556130000000000,20000,0.51328677
4151440000000000,10000,0.271233621
4092470000000000,10000,0.976815497
4254530000000000,15000,0.883852192
4926760000000000,1000,0.857848056
4959390000000000,15000,0.169306462
4219830000000000,20000,0.166578041
4371010000000000,40000,0.1730392
4578830000000000,10000,0.29752655
4302610000000000,5000,0.239989942
4136910000000000,15000,0.359264356
4133890000000000,5000,0.970850759
4321640000000000,20000,0.698041832
4151570000000000,1000,0.151636839
4233570000000000,10000,0.184138467
4748930000000000,20000,0.595456475
4565030000000000,40000,0.685626632
4349680000000000,10000,0.641092126
4410330000000000,20000,0.182693148
4220600000000000,10000,0.291108761
4914870000000000,40000,0.747736288
4955320000000000,5000,0.564955604
4302580000000000,5000,0.516827128
4934210000000000,15000,0.751480843
4334130000000000,20000,0.133298235
4039710000000000,10000,0.37068534
4808420000000000,20000,0.731387728
4339270000000000,20000,0.146893129
4100980000000000,20000,0.07046554
1443272878604220,20000,0.918339004
2122381559382820,5000,0.785693522
6872342968457370,10000,0.652623329
9885588697266260,15000,0.732132367
7590762914612100,1000,0.936145675
5284508607680850,40000,0.132083902
6132300001171510,20000,0.942223659
8057231576374820,40000,0.74879184
4863742859428420,10000,0.094838059
5090267746155760,10000,0.914411169
8538464822858040,15000,0.858920599
4066150000000000,5000,0.541130073
4941820000000000,20000,0.003607931
4837990000000000,10000,0.647395521
4205030000000000,5000,0.025378211
4179240000000000,5000,0.694973318
4366700000000000,10000,0.275798871
4939240000000000,5000,0.453759295
4614740000000000,40000,0.936742716
4852370000000000,40000,0.350017508
4912490000000000,20000,0.955935211
4026430000000000,40000,0.820175014
4521840000000000,5000,0.829011151
4585660000000000,20000,0.914878987
4882760000000000,5000,0.864460046
4166290000000000,5000,0.082903543
4321020000000000,10000,0.784401199
4763040000000000,20000,0.730874997
4820100000000000,40000,0.636732555
4668490000000000,40000,0.656213891
4091490000000000,40000,0.83305737
4681550000000000,40000,0.348647397
4492460000000000,20000,0.205061139
4632620000000000,20000,0.046740942
4180960000000000,5000,0.831977904
4437430000000000,1000,0.174054643
4368480000000000,40000,0.042475995
4912500000000000,20000,0.577792201
4674700000000000,5000,0.117689156
4288170000000000,5000,0.561435629
4984320000000000,1000,0.028111159
4238030000000000,40000,0.597474013
4465220000000000,1000,0.850774419
4282350000000000,15000,0.997687398
4930370000000000,20000,0.881562986
4827900000000000,5000,0.930179916
4942990000000000,15000,0.207822537
4251990000000000,1000,0.313985059
4393170000000000,40000,0.262298424
4089200000000000,40000,0.871483759
4269570000000000,20000,0.826753007
4575250000000000,5000,0.590509863
4937980000000000,40000,0.470822329
4357840000000000,1000,0.969951894
4613430000000000,5000,0.175947253
1911936128411620,20000,0.481362525
4002120000000000,1000,0.205761059
4794720000000000,20000,0.585462733
4474080000000000,40000,0.083273903
4748650000000000,5000,0.167193817
4239240000000000,1000,0.472614321
4248060000000000,1000,0.67640393
4932520000000000,10000,0.187723852
4475680000000000,10000,0.054034646
4374620000000000,40000,0.156911103
4563140000000000,5000,0.141206583
4687820000000000,20000,0.210366815
4019360000000000,5000,0.809422065
4827770000000000,40000,0.417368467
4215260000000000,20000,0.177712589
4517180000000000,15000,0.244772115
4108530000000000,10000,0.587800666
4298370000000000,1000,0.307076475
4906400000000000,15000,0.822162846
4881720000000000,1000,0.311115696
4152560000000000,1000,0.298000127
4590360000000000,40000,0.402668966
4033830000000000,40000,0.142794495
4324770000000000,20000,0.118610991
4069890000000000,5000,0.879130631
4732120000000000,40000,0.66199939
4190520000000000,20000,0.754715074
4324380000000000,5000,0.728718189
4812090000000000,15000,0.212235762
4262340000000000,20000,0.952574396
4288750000000000,5000,0.331373774
4443630000000000,20000,0.083915559
4318660000000000,10000,0.857950286
4212710000000000,40000,0.40222849
4110690000000000,20000,0.073952084
4703580000000000,5000,0.19291539
4962850000000000,40000,0.79053839
4785140000000000,1000,0.315704908
4107000000000000,1000,0.89328204
4403410000000000,20000,0.780075247
4016160000000000,5000,0.089381837
4964090000000000,40000,0.88729585
4429830000000000,20000,0.369675319
4299370000000000,5000,0.902626629
4593400000000000,1000,0.729350058
4006750000000000,15000,0.505545785
4063040000000000,1000,0.616695735
4496530000000000,1000,0.996995368
4475170000000000,15000,0.856408789
4430400000000000,40000,0.218929967
1906393852924360,20000,0.238764262
1141800505032280,20000,0.686976918
3023962232583980,40000,0.129006709
8741892703725720,20000,0.688231653
4525014214023670,20000,0.332089512
6468432407462280,15000,0.790374294
1575905611288570,15000,0.359802103
3713549561085810,20000,0.35451208
4487570260816360,20000,0.151798026
5157050482685170,40000,0.363363704
9005092258509000,20000,0.824107745
6582571645391560,20000,0.941039715
3769618727929810,5000,0.688821544
3720744163886110,5000,0.753602459
4176166152874530,1000,0.550762851
2742065850877730,5000,0.207236884
4255247124434460,1000,0.695375765
6687816474850540,10000,0.46915618
4389378431743140,1000,0.978987256
9174315435762500,1000,0.405240346
7623811016759660,20000,0.979237467
7936534027043940,10000,0.314165299
6398683952154170,5000,0.131656936
4037898823510350,15000,0.443447879
2130397037960640,10000,0.170445016
1652337017799630,1000,0.958839407
9460801443562110,20000,0.419166678
5081641895518860,5000,0.113476363
3531761418889420,20000,0.368850242
4585330000000000,1000,0.140478183
4622140000000000,20000,0.033926103
4596990000000000,1000,0.119888948
4693410000000000,20000,0.836988522
4949700000000000,10000,0.918486452
4585590000000000,1000,0.979789584
4335410000000000,40000,0.226777137
4610230000000000,20000,0.305747348
4137790000000000,20000,0.350565029
4928080000000000,10000,0.808603413
4257240000000000,20000,0.879850105
4562120000000000,15000,0.256326553
4379410000000000,10000,0.680806059
4737130000000000,1000,0.768861436
4750210000000000,10000,0.44860612
4367070000000000,20000,0.536565475
4155190000000000,5000,0.495260925
4439100000000000,40000,0.265452597
4139650000000000,15000,0.7391158
4974390000000000,1000,0.313508099
4210950000000000,15000,0.343713732
4909220000000000,10000,0.816558808
4285880000000000,20000,0.270187442
4398850000000000,20000,0.05638535
4402080000000000,20000,0.373103943
4490280000000000,20000,0.660235502
4947080000000000,1000,0.166918255
4112210000000000,10000,0.952502443
4374120000000000,1000,0.680207798
4671160000000000,20000,0.802647054
4510490000000000,20000,0.601422781
4760590000000000,20000,0.256619575
4647030000000000,5000,0.826853659
4271730000000000,40000,0.847275015
4496440000000000,10000,0.817918861
4262130000000000,1000,0.228448878
4356670000000000,40000,0.23462369
4396680000000000,40000,0.148142401
4203830000000000,5000,0.541141013
4377930000000000,15000,0.742987564
4585330000000000,40000,0.508227248
4660380000000000,1000,0.631288721
4860740000000000,15000,0.059091483
4886970000000000,40000,0.433483078